Last name	First name	Contact number	Student ID	Current grade	Class ID	Term	Course name	Period	Day
Helton	TJ	timothyhelton@amdg.rockhursths.edu	201001139	12	41 - 1	1	English 4	8	C
Helton	TJ	timothyhelton@amdg.rockhursths.edu	201001139	12	41 - 1	1	English 4	3	D
Helton	TJ	timothyhelton@amdg.rockhursths.edu	201001139	12	41 - 1	1	English 4	7	E
Helton	TJ	timothyhelton@amdg.rockhursths.edu	201001139	12	41 - 1	1	English 4	3	A
Helton	TJ	timothyhelton@amdg.rockhursths.edu	201001139	12	41 - 1	1	English 4	8	F
Helton	TJ	timothyhelton@amdg.rockhursths.edu	201001139	12	144 - 5	1	Pre-Calculus	2	A
Helton	TJ	timothyhelton@amdg.rockhursths.edu	201001139	12	144 - 5	1	Pre-Calculus	2	B
Helton	TJ	timothyhelton@amdg.rockhursths.edu	201001139	12	144 - 5	1	Pre-Calculus	2	D
Helton	TJ	timothyhelton@amdg.rockhursths.edu	201001139	12	144 - 5	1	Pre-Calculus	2	E
Helton	TJ	timothyhelton@amdg.rockhursths.edu	201001139	12	144 - 5	1	Pre-Calculus	2	C
Helton	TJ	timothyhelton@amdg.rockhursths.edu	201001139	12	953 - 1	1	Automated Accounting	5	B
Helton	TJ	timothyhelton@amdg.rockhursths.edu	201001139	12	953 - 1	1	Automated Accounting	5	F
Helton	TJ	timothyhelton@amdg.rockhursths.edu	201001139	12	953 - 1	1	Automated Accounting	5	C
Helton	TJ	timothyhelton@amdg.rockhursths.edu	201001139	12	953 - 1	1	Automated Accounting	5	D
Helton	TJ	timothyhelton@amdg.rockhursths.edu	201001139	12	953 - 1	1	Automated Accounting	5	E
Helton	TJ	timothyhelton@amdg.rockhursths.edu	201001139	12	447 - 9	1	Catholic Faith in Practice 1	1	A
Helton	TJ	timothyhelton@amdg.rockhursths.edu	201001139	12	447 - 9	1	Catholic Faith in Practice 1	1	D
Helton	TJ	timothyhelton@amdg.rockhursths.edu	201001139	12	447 - 9	1	Catholic Faith in Practice 1	1	E
Helton	TJ	timothyhelton@amdg.rockhursths.edu	201001139	12	447 - 9	1	Catholic Faith in Practice 1	1	C
Helton	TJ	timothyhelton@amdg.rockhursths.edu	201001139	12	447 - 9	1	Catholic Faith in Practice 1	1	B
Helton	TJ	timothyhelton@amdg.rockhursths.edu	201001139	12	347 - 2	1	United States Government	7	A
Helton	TJ	timothyhelton@amdg.rockhursths.edu	201001139	12	347 - 2	1	United States Government	8	B
Helton	TJ	timothyhelton@amdg.rockhursths.edu	201001139	12	347 - 2	1	United States Government	3	C
Helton	TJ	timothyhelton@amdg.rockhursths.edu	201001139	12	347 - 2	1	United States Government	7	D
Helton	TJ	timothyhelton@amdg.rockhursths.edu	201001139	12	347 - 2	1	United States Government	8	E
Helton	TJ	timothyhelton@amdg.rockhursths.edu	201001139	12	975 - 1	1	Software Application Development	3	B
Helton	TJ	timothyhelton@amdg.rockhursths.edu	201001139	12	975 - 1	1	Software Application Development	8	D
Helton	TJ	timothyhelton@amdg.rockhursths.edu	201001139	12	975 - 1	1	Software Application Development	7	C
Helton	TJ	timothyhelton@amdg.rockhursths.edu	201001139	12	975 - 1	1	Software Application Development	8	A
Helton	TJ	timothyhelton@amdg.rockhursths.edu	201001139	12	975 - 1	1	Software Application Development	7	F
Helton	TJ	timothyhelton@amdg.rockhursths.edu	201001139	12	808 - 1	1	Drawing & Design for Industry	4	B
Helton	TJ	timothyhelton@amdg.rockhursths.edu	201001139	12	808 - 1	1	Drawing & Design for Industry	4	F
Helton	TJ	timothyhelton@amdg.rockhursths.edu	201001139	12	808 - 1	1	Drawing & Design for Industry	4	E
Helton	TJ	timothyhelton@amdg.rockhursths.edu	201001139	12	808 - 1	1	Drawing & Design for Industry	4	D
Helton	TJ	timothyhelton@amdg.rockhursths.edu	201001139	12	808 - 1	1	Drawing & Design for Industry	4	C
Helton	Tanner	TannerHelton@amdg.rockhursths.edu	02225	9	12 - 8	1	English 1	1	A
Helton	Tanner	TannerHelton@amdg.rockhursths.edu	02225	9	12 - 8	1	English 1	1	B
Helton	Tanner	TannerHelton@amdg.rockhursths.edu	02225	9	12 - 8	1	English 1	1	C
Helton	Tanner	TannerHelton@amdg.rockhursths.edu	02225	9	12 - 8	1	English 1	1	D
Helton	Tanner	TannerHelton@amdg.rockhursths.edu	02225	9	12 - 8	1	English 1	1	E
Helton	Tanner	TannerHelton@amdg.rockhursths.edu	02225	9	12 - 8	1	English 1	1	F
Helton	Tanner	TannerHelton@amdg.rockhursths.edu	02225	9	121 - 1	1	Geometry/Algebra 2 (Advanced)	2	A
Helton	Tanner	TannerHelton@amdg.rockhursths.edu	02225	9	121 - 1	1	Geometry/Algebra 2 (Advanced)	2	B
Helton	Tanner	TannerHelton@amdg.rockhursths.edu	02225	9	121 - 1	1	Geometry/Algebra 2 (Advanced)	2	C
Helton	Tanner	TannerHelton@amdg.rockhursths.edu	02225	9	121 - 1	1	Geometry/Algebra 2 (Advanced)	2	D
Helton	Tanner	TannerHelton@amdg.rockhursths.edu	02225	9	121 - 1	1	Geometry/Algebra 2 (Advanced)	2	E
Helton	Tanner	TannerHelton@amdg.rockhursths.edu	02225	9	121 - 1	1	Geometry/Algebra 2 (Advanced)	2	F
Helton	Tanner	TannerHelton@amdg.rockhursths.edu	02225	9	223 - 1	1	Honors Biology	5	B
Helton	Tanner	TannerHelton@amdg.rockhursths.edu	02225	9	223 - 1	1	Honors Biology	5	E
Helton	Tanner	TannerHelton@amdg.rockhursths.edu	02225	9	223 - 1	1	Honors Biology	5	F
Helton	Tanner	TannerHelton@amdg.rockhursths.edu	02225	9	223 - 1	1	Honors Biology	5	C
Helton	Tanner	TannerHelton@amdg.rockhursths.edu	02225	9	223 - 1	1	Honors Biology	5	A
Helton	Tanner	TannerHelton@amdg.rockhursths.edu	02225	9	223 - 1	1	Honors Biology	6	C
Helton	Tanner	TannerHelton@amdg.rockhursths.edu	02225	9	721 - 2	1	Advanced Spanish 2	8	B
Helton	Tanner	TannerHelton@amdg.rockhursths.edu	02225	9	721 - 2	1	Advanced Spanish 2	7	D
Helton	Tanner	TannerHelton@amdg.rockhursths.edu	02225	9	721 - 2	1	Advanced Spanish 2	8	E
Helton	Tanner	TannerHelton@amdg.rockhursths.edu	02225	9	721 - 2	1	Advanced Spanish 2	3	F
Helton	Tanner	TannerHelton@amdg.rockhursths.edu	02225	9	721 - 2	1	Advanced Spanish 2	3	C
Helton	Tanner	TannerHelton@amdg.rockhursths.edu	02225	9	417 - 1	1	Systematic Theology 1	6	A
Helton	Tanner	TannerHelton@amdg.rockhursths.edu	02225	9	417 - 1	1	Systematic Theology 1	6	B
Helton	Tanner	TannerHelton@amdg.rockhursths.edu	02225	9	417 - 1	1	Systematic Theology 1	6	D
Helton	Tanner	TannerHelton@amdg.rockhursths.edu	02225	9	417 - 1	1	Systematic Theology 1	6	E
Helton	Tanner	TannerHelton@amdg.rockhursths.edu	02225	9	417 - 1	1	Systematic Theology 1	6	F
Helton	Tanner	TannerHelton@amdg.rockhursths.edu	02225	9	315 - 2	1	Ancient Civilizations	3	A
Helton	Tanner	TannerHelton@amdg.rockhursths.edu	02225	9	315 - 2	1	Ancient Civilizations	8	F
Helton	Tanner	TannerHelton@amdg.rockhursths.edu	02225	9	315 - 2	1	Ancient Civilizations	3	D
Helton	Tanner	TannerHelton@amdg.rockhursths.edu	02225	9	315 - 2	1	Ancient Civilizations	7	E
Helton	Tanner	TannerHelton@amdg.rockhursths.edu	02225	9	315 - 2	1	Ancient Civilizations	7	B
Helton	Tanner	TannerHelton@amdg.rockhursths.edu	02225	9	975 - 1	1	Software Application Development	3	B
Helton	Tanner	TannerHelton@amdg.rockhursths.edu	02225	9	975 - 1	1	Software Application Development	8	D
Helton	Tanner	TannerHelton@amdg.rockhursths.edu	02225	9	975 - 1	1	Software Application Development	7	C
Helton	Tanner	TannerHelton@amdg.rockhursths.edu	02225	9	975 - 1	1	Software Application Development	8	A
Helton	Tanner	TannerHelton@amdg.rockhursths.edu	02225	9	975 - 1	1	Software Application Development	7	F
Helton	Tanner	TannerHelton@amdg.rockhursths.edu	02225	9	FS - 2	1	Freshman Seminar	8	C
Helton	Tanner	TannerHelton@amdg.rockhursths.edu	02225	9	SG - 10	1	Small Group	5	D
Helton	Tanner	TannerHelton@amdg.rockhursths.edu	02225	9	STH - 7	1	Study Hall	7	A
Helton	Tanner	TannerHelton@amdg.rockhursths.edu	02225	9	STH - 46	1	Study Hall	3	E
